{
  "config": {
    "data": "sft_8b/results/cv/fold_1/dialogues_heldout.json",
    "output_dir": "sft_8b/results/cv/fold_1/sft_eval",
    "base_model": "/sc/arion/scratch/cuiz02/hf_cache/transformers/Meta-Llama-3.1-8B-Instruct",
    "adapter": "sft_8b/results/cv/fold_1/lora_run/lora_best",
    "no_adapter": false,
    "max_dialogues": null,
    "max_k": 5,
    "checkpoint_every": 5,
    "summary_every": 10,
    "resume": true,
    "max_new_tokens": 96,
    "temperature": 0.0
  },
  "n_dialogues": 206,
  "n_predictions": 2060,
  "elapsed_seconds": 1235.630322933197,
  "per_k_means": {
    "ema": {
      "1": 0.4223300970873786,
      "2": 0.5145631067961165,
      "3": 0.6359223300970874,
      "4": 0.6747572815533981,
      "5": 0.6868932038834952
    },
    "top1": {
      "1": 0.6723300970873787,
      "2": 0.7718446601941747,
      "3": 0.8422330097087378,
      "4": 0.8689320388349514,
      "5": 0.8762135922330098
    },
    "ndcg": {
      "1": 0.7307022784674007,
      "2": 0.821143685038136,
      "3": 0.8811577768117155,
      "4": 0.9052269716539492,
      "5": 0.9088101779299546
    }
  },
  "per_k_counts": {
    "1": 412,
    "2": 412,
    "3": 412,
    "4": 412,
    "5": 412
  },
  "kpenalty": {
    "ema": 0.5409385113268609,
    "top1": 0.772653721682848,
    "ndcg": 0.8200549056108364
  },
  "summary": {
    "ema_k1": 0.4223300970873786,
    "top1_k1": 0.6723300970873787,
    "ndcg_k1": 0.7307022784674007,
    "ema_k2": 0.5145631067961165,
    "top1_k2": 0.7718446601941747,
    "ndcg_k2": 0.821143685038136,
    "ema_k3": 0.6359223300970874,
    "top1_k3": 0.8422330097087378,
    "ndcg_k3": 0.8811577768117155,
    "ema_k4": 0.6747572815533981,
    "top1_k4": 0.8689320388349514,
    "ndcg_k4": 0.9052269716539492,
    "ema_k5": 0.6868932038834952,
    "top1_k5": 0.8762135922330098,
    "ndcg_k5": 0.9088101779299546,
    "ema_kpenalty": 0.5409385113268609,
    "top1_kpenalty": 0.772653721682848,
    "ndcg_kpenalty": 0.8200549056108364
  },
  "satisfaction": {
    "per_k_means": {
      "sat_acc": {
        "1": 0.4199029126213592,
        "2": 0.4223300970873786,
        "3": 0.470873786407767,
        "4": 0.4587378640776699,
        "5": 0.4563106796116505
      },
      "sat_mae": {
        "1": 0.8543689320388349,
        "2": 0.8203883495145631,
        "3": 0.7354368932038835,
        "4": 0.7621359223300971,
        "5": 0.7718446601941747
      }
    },
    "per_k_counts": {
      "1": 412,
      "2": 412,
      "3": 412,
      "4": 412,
      "5": 412
    },
    "kpenalty": {
      "sat_acc": 0.4383495145631068,
      "sat_mae": 0.8037216828478964
    },
    "summary": {
      "sat_acc_k1": 0.4199029126213592,
      "sat_mae_k1": 0.8543689320388349,
      "sat_acc_k2": 0.4223300970873786,
      "sat_mae_k2": 0.8203883495145631,
      "sat_acc_k3": 0.470873786407767,
      "sat_mae_k3": 0.7354368932038835,
      "sat_acc_k4": 0.4587378640776699,
      "sat_mae_k4": 0.7621359223300971,
      "sat_acc_k5": 0.4563106796116505,
      "sat_mae_k5": 0.7718446601941747,
      "sat_acc_kpenalty": 0.4383495145631068,
      "sat_mae_kpenalty": 0.8037216828478964
    }
  }
}