{
  "metadata": {
    "match_records": "opponent_model/results/turn_eval_bayesian_svo_lambda_legacy_m5_f0.50_full150/turn_records.jsonl",
    "mismatch_records": "opponent_model/results/turn_eval_bayesian_svo_lambda_legacy_mismatch_m5_f0.50_full150/turn_records.jsonl",
    "data": "data/casino_test.json",
    "perspective": "mturk_agent_1",
    "rows": [
      "proself",
      "prosocial",
      "unclassified",
      "classified_all",
      "overall"
    ]
  },
  "headline_match_vs_mismatch": {
    "prediction": "matched_accept_f1_gt_mismatched_accept_f1",
    "match_accept_f1": 0.9113924050632911,
    "mismatch_accept_f1": 0.9044585987261147,
    "diff": 0.00693380633717644,
    "welch_p_on_accuracy": 0.8399443749021599,
    "pass_pre_registered_direction_p_lt_0.05": false
  },
  "rows": [
    {
      "row": "proself",
      "human_self_mean": 18.416666666666668,
      "human_self_n": 72,
      "agent_self_mean": 17.50429184549356,
      "agent_self_n": 466,
      "self_agent_minus_human": -0.9123748211731062,
      "self_welch_p": 0.09460156931080509,
      "human_joint_mean": 36.65277777777778,
      "human_joint_n": 72,
      "agent_joint_mean": 38.63948497854077,
      "agent_joint_n": 466,
      "joint_agent_minus_human": 1.986707200762993,
      "joint_welch_p": 0.0011451535489364886,
      "human_first_offer_integrative_rate": 0.46153846153846156,
      "human_first_offer_integrative_n": 39,
      "agent_first_offer_integrative_rate": 0.75,
      "agent_first_offer_integrative_n": 72,
      "integrative_agent_minus_human": 0.28846153846153844,
      "integrative_welch_p": 0.0036428746024152843,
      "match_accept_f1": 0.8767123287671234,
      "match_accept_n": 42,
      "mismatch_accept_f1": 0.9090909090909091,
      "mismatch_accept_n": 42,
      "match_minus_mismatch_accept_f1": -0.03237858032378571,
      "match_accuracy": 0.7857142857142857,
      "mismatch_accuracy": 0.8333333333333334,
      "match_minus_mismatch_accuracy": -0.04761904761904767,
      "match_vs_mismatch_accuracy_welch_p": 0.5837766195878353
    },
    {
      "row": "prosocial",
      "human_self_mean": 17.85333333333333,
      "human_self_n": 75,
      "agent_self_mean": 0.0,
      "agent_self_n": 484,
      "self_agent_minus_human": -17.85333333333333,
      "self_welch_p": 2.800625052408214e-49,
      "human_joint_mean": 36.346666666666664,
      "human_joint_n": 75,
      "agent_joint_mean": 36.0,
      "agent_joint_n": 484,
      "joint_agent_minus_human": -0.346666666666664,
      "joint_welch_p": 0.6523082795573386,
      "human_first_offer_integrative_rate": 0.42857142857142855,
      "human_first_offer_integrative_n": 35,
      "agent_first_offer_integrative_rate": 0.26666666666666666,
      "agent_first_offer_integrative_n": 75,
      "integrative_agent_minus_human": -0.16190476190476188,
      "integrative_welch_p": 0.10799631111952336,
      "match_accept_f1": 0.9367088607594937,
      "match_accept_n": 42,
      "mismatch_accept_f1": 0.8918918918918919,
      "mismatch_accept_n": 42,
      "match_minus_mismatch_accept_f1": 0.04481696886760178,
      "match_accuracy": 0.8809523809523809,
      "mismatch_accuracy": 0.8095238095238095,
      "match_minus_mismatch_accuracy": 0.0714285714285714,
      "match_vs_mismatch_accuracy_welch_p": 0.37160433285123506
    },
    {
      "row": "unclassified",
      "human_self_mean": 17.333333333333332,
      "human_self_n": 3,
      "agent_self_mean": 12.857142857142858,
      "agent_self_n": 21,
      "self_agent_minus_human": -4.4761904761904745,
      "self_welch_p": 0.00976011002478653,
      "human_joint_mean": 36.333333333333336,
      "human_joint_n": 3,
      "agent_joint_mean": 38.857142857142854,
      "agent_joint_n": 21,
      "joint_agent_minus_human": 2.5238095238095184,
      "joint_welch_p": 0.007648847688280104,
      "human_first_offer_integrative_rate": NaN,
      "human_first_offer_integrative_n": 0,
      "agent_first_offer_integrative_rate": 0.6666666666666666,
      "agent_first_offer_integrative_n": 3,
      "integrative_agent_minus_human": NaN,
      "integrative_welch_p": null,
      "match_accept_f1": 1.0,
      "match_accept_n": 3,
      "mismatch_accept_f1": 1.0,
      "mismatch_accept_n": 3,
      "match_minus_mismatch_accept_f1": 0.0,
      "match_accuracy": 1.0,
      "mismatch_accuracy": 1.0,
      "match_minus_mismatch_accuracy": 0.0,
      "match_vs_mismatch_accuracy_welch_p": null
    },
    {
      "row": "classified_all",
      "human_self_mean": 18.12925170068027,
      "human_self_n": 147,
      "agent_self_mean": 8.586315789473684,
      "agent_self_n": 950,
      "self_agent_minus_human": -9.542935911206587,
      "self_welch_p": 3.860985283992096e-71,
      "human_joint_mean": 36.49659863945578,
      "human_joint_n": 147,
      "agent_joint_mean": 37.294736842105266,
      "agent_joint_n": 950,
      "joint_agent_minus_human": 0.7981382026494828,
      "joint_welch_p": 0.10259922395581961,
      "human_first_offer_integrative_rate": 0.44594594594594594,
      "human_first_offer_integrative_n": 74,
      "agent_first_offer_integrative_rate": 0.5034013605442177,
      "agent_first_offer_integrative_n": 147,
      "integrative_agent_minus_human": 0.05745541459827175,
      "integrative_welch_p": 0.42224684454623695,
      "match_accept_f1": 0.9078947368421054,
      "match_accept_n": 84,
      "mismatch_accept_f1": 0.9006622516556292,
      "mismatch_accept_n": 84,
      "match_minus_mismatch_accept_f1": 0.007232485186476234,
      "match_accuracy": 0.8333333333333334,
      "mismatch_accuracy": 0.8214285714285714,
      "match_minus_mismatch_accuracy": 0.011904761904761973,
      "match_vs_mismatch_accuracy_welch_p": 0.8394182985398962
    },
    {
      "row": "overall",
      "human_self_mean": 18.113333333333333,
      "human_self_n": 150,
      "agent_self_mean": 8.678681771369721,
      "agent_self_n": 971,
      "self_agent_minus_human": -9.434651561963612,
      "self_welch_p": 2.8573255261446655e-72,
      "human_joint_mean": 36.49333333333333,
      "human_joint_n": 150,
      "agent_joint_mean": 37.32852729145211,
      "agent_joint_n": 971,
      "joint_agent_minus_human": 0.8351939581187793,
      "joint_welch_p": 0.08150595495700039,
      "human_first_offer_integrative_rate": 0.44594594594594594,
      "human_first_offer_integrative_n": 74,
      "agent_first_offer_integrative_rate": 0.5066666666666667,
      "agent_first_offer_integrative_n": 150,
      "integrative_agent_minus_human": 0.06072072072072077,
      "integrative_welch_p": 0.3948213015331221,
      "match_accept_f1": 0.9113924050632911,
      "match_accept_n": 87,
      "mismatch_accept_f1": 0.9044585987261147,
      "mismatch_accept_n": 87,
      "match_minus_mismatch_accept_f1": 0.00693380633717644,
      "match_accuracy": 0.8390804597701149,
      "mismatch_accuracy": 0.8275862068965517,
      "match_minus_mismatch_accuracy": 0.011494252873563204,
      "match_vs_mismatch_accuracy_welch_p": 0.8399443749021599
    }
  ]
}