{
  "config": {
    "data": "sft_8b/results/cv/fold_4/dialogues_heldout.json",
    "output_dir": "sft_8b/results/cv/fold_4/sft_eval",
    "base_model": "/sc/arion/scratch/cuiz02/hf_cache/transformers/Meta-Llama-3.1-8B-Instruct",
    "adapter": "sft_8b/results/cv/fold_4/lora_run/lora_best",
    "no_adapter": false,
    "max_dialogues": null,
    "max_k": 5,
    "checkpoint_every": 5,
    "summary_every": 10,
    "resume": true,
    "max_new_tokens": 96,
    "temperature": 0.0
  },
  "n_dialogues": 206,
  "n_predictions": 2058,
  "elapsed_seconds": 1219.2268371582031,
  "per_k_means": {
    "ema": {
      "1": 0.3786407766990291,
      "2": 0.5121359223300971,
      "3": 0.6237864077669902,
      "4": 0.6820388349514563,
      "5": 0.697560975609756
    },
    "top1": {
      "1": 0.633495145631068,
      "2": 0.7912621359223301,
      "3": 0.8470873786407767,
      "4": 0.8762135922330098,
      "5": 0.8926829268292683
    },
    "ndcg": {
      "1": 0.7067182859223257,
      "2": 0.8265760648751679,
      "3": 0.8759856172156684,
      "4": 0.9030024370058903,
      "5": 0.913185547055745
    }
  },
  "per_k_counts": {
    "1": 412,
    "2": 412,
    "3": 412,
    "4": 412,
    "5": 410
  },
  "kpenalty": {
    "ema": 0.5249830294419449,
    "top1": 0.7679264346041519,
    "ndcg": 0.8124695307884553
  },
  "summary": {
    "ema_k1": 0.3786407766990291,
    "top1_k1": 0.633495145631068,
    "ndcg_k1": 0.7067182859223257,
    "ema_k2": 0.5121359223300971,
    "top1_k2": 0.7912621359223301,
    "ndcg_k2": 0.8265760648751679,
    "ema_k3": 0.6237864077669902,
    "top1_k3": 0.8470873786407767,
    "ndcg_k3": 0.8759856172156684,
    "ema_k4": 0.6820388349514563,
    "top1_k4": 0.8762135922330098,
    "ndcg_k4": 0.9030024370058903,
    "ema_k5": 0.697560975609756,
    "top1_k5": 0.8926829268292683,
    "ndcg_k5": 0.913185547055745,
    "ema_kpenalty": 0.5249830294419449,
    "top1_kpenalty": 0.7679264346041519,
    "ndcg_kpenalty": 0.8124695307884553
  },
  "satisfaction": {
    "per_k_means": {
      "sat_acc": {
        "1": 0.3762135922330097,
        "2": 0.3907766990291262,
        "3": 0.41262135922330095,
        "4": 0.4587378640776699,
        "5": 0.4926829268292683
      },
      "sat_mae": {
        "1": 0.7718446601941747,
        "2": 0.7621359223300971,
        "3": 0.7427184466019418,
        "4": 0.7014563106796117,
        "5": 0.6658536585365854
      }
    },
    "per_k_counts": {
      "1": 412,
      "2": 412,
      "3": 412,
      "4": 412,
      "5": 410
    },
    "kpenalty": {
      "sat_acc": 0.406146499329071,
      "sat_mae": 0.746979240666193
    },
    "summary": {
      "sat_acc_k1": 0.3762135922330097,
      "sat_mae_k1": 0.7718446601941747,
      "sat_acc_k2": 0.3907766990291262,
      "sat_mae_k2": 0.7621359223300971,
      "sat_acc_k3": 0.41262135922330095,
      "sat_mae_k3": 0.7427184466019418,
      "sat_acc_k4": 0.4587378640776699,
      "sat_mae_k4": 0.7014563106796117,
      "sat_acc_k5": 0.4926829268292683,
      "sat_mae_k5": 0.6658536585365854,
      "sat_acc_kpenalty": 0.406146499329071,
      "sat_mae_kpenalty": 0.746979240666193
    }
  }
}