{
  "n_dialogues": 150,
  "n_agent_turns": 784,
  "n_parse_retries": 4,
  "n_parse_fallbacks": 0,
  "n_illegal_counter_offers": 0,
  "outcomes": {
    "agent_accepted": 132,
    "agent_walkaway": 1,
    "opp_accepted_agent_offer": 9,
    "chat_log_exhausted": 7,
    "opp_walkaway": 1
  },
  "per_dialogue_elapsed": [
    309.95909428596497,
    60.195918798446655,
    155.7429416179657,
    192.47072792053223,
    204.41252756118774,
    81.74347281455994,
    163.03382205963135,
    123.50543594360352,
    161.43296599388123,
    127.12001943588257,
    158.27276039123535,
    100.04103398323059,
    245.86167860031128,
    84.52618384361267,
    83.46437644958496,
    126.70534801483154,
    102.66661620140076,
    138.05712342262268,
    108.73822546005249,
    75.55579662322998,
    62.25338101387024,
    160.0768687725067,
    62.11126899719238,
    88.18861150741577,
    100.14412522315979,
    37.56979417800903,
    124.33978867530823,
    202.5362331867218,
    95.64401531219482,
    163.95917463302612,
    141.86598300933838,
    129.3713092803955,
    90.0766429901123,
    191.77292799949646,
    86.55909466743469,
    38.642441749572754,
    181.1083002090454,
    140.18811535835266,
    141.11321544647217,
    163.49038243293762,
    121.50132179260254,
    134.06047773361206,
    65.7236716747284,
    117.17599320411682,
    165.09444618225098,
    162.24152088165283,
    58.06845808029175,
    136.71025943756104,
    111.50882196426392,
    105.90913319587708,
    207.55100774765015,
    135.5675117969513,
    116.22232866287231,
    124.73878836631775,
    125.94234204292297,
    164.47604274749756,
    140.2452802658081,
    135.6819875240326,
    199.59799528121948,
    101.67444252967834,
    147.00493788719177,
    78.71238923072815,
    108.50793862342834,
    154.11423587799072,
    96.4357328414917,
    135.2787208557129,
    131.2996265888214,
    192.1237609386444,
    219.065931558609,
    321.1996519565582,
    208.8982663154602,
    78.86137390136719,
    158.6239173412323,
    77.86227035522461,
    61.708340644836426,
    124.52549910545349,
    123.41917061805725,
    112.52934193611145,
    23.004030466079712,
    104.82150173187256,
    163.74442172050476,
    85.81030797958374,
    148.5522062778473,
    79.33768725395203,
    138.1927833557129,
    64.9041428565979,
    105.42560529708862,
    45.40716767311096,
    138.75135350227356,
    94.13005352020264,
    84.70800638198853,
    117.00673270225525,
    133.13449048995972,
    144.2141354084015,
    84.53383111953735,
    115.76315498352051,
    100.72930908203125,
    83.58499693870544,
    120.26305437088013,
    113.71953320503235,
    93.90052103996277,
    135.0683515071869,
    126.17501783370972,
    37.91274666786194,
    65.39564609527588,
    76.33981657028198,
    36.264341831207275,
    87.819895029068,
    200.1254322528839,
    199.59685397148132,
    121.36259293556213,
    124.15147113800049,
    123.91978621482849,
    158.84167981147766,
    34.60212302207947,
    90.68433928489685,
    133.90001726150513,
    38.63731503486633,
    79.01169943809509,
    193.19492173194885,
    118.02039289474487,
    121.9863076210022,
    63.59847569465637,
    63.20290279388428,
    60.67897987365723,
    131.08854699134827,
    71.04778385162354,
    37.62848687171936,
    138.57861137390137,
    158.45404934883118,
    165.1308856010437,
    116.95410585403442,
    115.26399350166321,
    94.8160126209259,
    78.0403528213501,
    77.87965774536133,
    42.85871148109436,
    79.64116406440735,
    103.20052695274353,
    62.50550866127014,
    159.64518427848816,
    81.02297711372375,
    118.35226321220398,
    98.19232296943665,
    113.94818830490112,
    123.97172689437866,
    89.58362007141113,
    96.82615375518799,
    146.73452734947205,
    92.36338686943054
  ],
  "wallclock_seconds": 17835.272785902023,
  "parse_retry_rate": 0.00510204081632653,
  "parse_fallback_rate": 0.0,
  "illegal_counter_offer_rate": 0.0
}