trait,small-talk,self-need,other-need,no-need,elicit-pref,promote-coordination,vouch-fair,showing-empathy,uv-part,non-strategic
extraversion,0.027273411417721244,-0.011455955054650439,0.027653013544805996,0.02422040852397387,0.013567723461029926,0.004374495359486565,-0.0022502425582464694,-0.014050783280641176,0.0015613276828282075,0.0067720818712766
agreeableness,0.026449784952753942,0.013251338652418456,0.03104975518597845,0.003357339002066315,-0.03922892183668729,0.024771481552413894,0.04792583048896351,0.010635287071283105,0.031142171988907664,-0.04582110506360609
conscientiousness,-0.012356668714653083,0.01624975404603528,0.018010076542569496,0.0013881209230958216,-0.004614986524472193,0.03708863221871056,0.03592228641464888,-0.027874501849699515,-0.007838989372102773,-0.03755763008151775
emotional-stability,-0.015533367418608153,-0.05261028349540132,0.0389545842422273,0.009171353269906552,-0.0312728202764445,0.006643229586645236,0.010831589289541404,-0.04459989342479771,-0.003021995502825601,-0.030786019886871928
openness-to-experiences,0.0069210763005404415,0.021280459252192917,0.0014567530494153766,0.040327393851042614,0.00901362680387726,0.0694339623304637,0.024549839346151407,-0.047076013193620835,-0.016952445567155437,-0.026049134756910702
