{
  "metadata": {
    "data": "data/casino_train.json",
    "unit": "dialogue participant",
    "strategy_frequency_denominator": "non-action utterances by that participant",
    "traits": [
      "extraversion",
      "agreeableness",
      "conscientiousness",
      "emotional-stability",
      "openness-to-experiences"
    ],
    "strategies": [
      "small-talk",
      "self-need",
      "other-need",
      "no-need",
      "elicit-pref",
      "promote-coordination",
      "vouch-fair",
      "showing-empathy",
      "uv-part",
      "non-strategic"
    ]
  },
  "support": {
    "dialogues": 880,
    "participants": 1760,
    "utterances": 10159
  },
  "trait_summary": {
    "extraversion": {
      "n": 1760,
      "mean": 3.7417613636363636,
      "std": 1.6864642783752564
    },
    "agreeableness": {
      "n": 1760,
      "mean": 5.301136363636363,
      "std": 1.2693970240194297
    },
    "conscientiousness": {
      "n": 1760,
      "mean": 5.663068181818182,
      "std": 1.2169915636809476
    },
    "emotional-stability": {
      "n": 1760,
      "mean": 5.015056818181818,
      "std": 1.5496063052102447
    },
    "openness-to-experiences": {
      "n": 1760,
      "mean": 5.0323863636363635,
      "std": 1.269902159072596
    }
  },
  "strategy_frequency_summary": {
    "small-talk": {
      "n": 1760,
      "mean": 0.08893515102321921,
      "std": 0.17776373133339946
    },
    "self-need": {
      "n": 1760,
      "mean": 0.08078040961563689,
      "std": 0.14858998788419822
    },
    "other-need": {
      "n": 1760,
      "mean": 0.03468372851895579,
      "std": 0.10094943070908187
    },
    "no-need": {
      "n": 1760,
      "mean": 0.01746505230880231,
      "std": 0.06003734156154919
    },
    "elicit-pref": {
      "n": 1760,
      "mean": 0.03247837547553457,
      "std": 0.08773242213681023
    },
    "promote-coordination": {
      "n": 1760,
      "mean": 0.046482806965761514,
      "std": 0.11044378174115144
    },
    "vouch-fair": {
      "n": 1760,
      "mean": 0.034423721795880886,
      "std": 0.09496855943717959
    },
    "showing-empathy": {
      "n": 1760,
      "mean": 0.022073658664567754,
      "std": 0.07525474804588463
    },
    "uv-part": {
      "n": 1760,
      "mean": 0.010324921290830381,
      "std": 0.04867600436804607
    },
    "non-strategic": {
      "n": 1760,
      "mean": 0.11913325626393809,
      "std": 0.20714745247401067
    }
  },
  "correlations": [
    {
      "trait": [
        "extraversion",
        "small-talk"
      ],
      "trait_name": "extraversion",
      "strategy": "small-talk",
      "n": 1760,
      "pearson_r": 0.027273411417721244,
      "pearson_p": 0.25279635411927004,
      "spearman_r": 0.007982084305779149,
      "spearman_p": 0.7379007058502874
    },
    {
      "trait": [
        "extraversion",
        "self-need"
      ],
      "trait_name": "extraversion",
      "strategy": "self-need",
      "n": 1760,
      "pearson_r": -0.011455955054650439,
      "pearson_p": 0.6310293104291977,
      "spearman_r": -0.002773739018845704,
      "spearman_p": 0.9074287082599158
    },
    {
      "trait": [
        "extraversion",
        "other-need"
      ],
      "trait_name": "extraversion",
      "strategy": "other-need",
      "n": 1760,
      "pearson_r": 0.027653013544805996,
      "pearson_p": 0.24624977779689936,
      "spearman_r": 0.02594247711457576,
      "spearman_p": 0.27670203589414594
    },
    {
      "trait": [
        "extraversion",
        "no-need"
      ],
      "trait_name": "extraversion",
      "strategy": "no-need",
      "n": 1760,
      "pearson_r": 0.02422040852397387,
      "pearson_p": 0.3098531497782733,
      "spearman_r": 0.02136521468820017,
      "spearman_p": 0.3703668054059182
    },
    {
      "trait": [
        "extraversion",
        "elicit-pref"
      ],
      "trait_name": "extraversion",
      "strategy": "elicit-pref",
      "n": 1760,
      "pearson_r": 0.013567723461029926,
      "pearson_p": 0.5694784873164817,
      "spearman_r": -0.005560027843840405,
      "spearman_p": 0.8156897041474338
    },
    {
      "trait": [
        "extraversion",
        "promote-coordination"
      ],
      "trait_name": "extraversion",
      "strategy": "promote-coordination",
      "n": 1760,
      "pearson_r": 0.004374495359486565,
      "pearson_p": 0.854491338140648,
      "spearman_r": -0.002042635135753044,
      "spearman_p": 0.9317585145129119
    },
    {
      "trait": [
        "extraversion",
        "vouch-fair"
      ],
      "trait_name": "extraversion",
      "strategy": "vouch-fair",
      "n": 1760,
      "pearson_r": -0.0022502425582464694,
      "pearson_p": 0.9248422359421924,
      "spearman_r": 0.0013158353114140848,
      "spearman_p": 0.956008451586032
    },
    {
      "trait": [
        "extraversion",
        "showing-empathy"
      ],
      "trait_name": "extraversion",
      "strategy": "showing-empathy",
      "n": 1760,
      "pearson_r": -0.014050783280641176,
      "pearson_p": 0.5558118212171106,
      "spearman_r": 0.00035672047186630724,
      "spearman_p": 0.9880683749479569
    },
    {
      "trait": [
        "extraversion",
        "uv-part"
      ],
      "trait_name": "extraversion",
      "strategy": "uv-part",
      "n": 1760,
      "pearson_r": 0.0015613276828282075,
      "pearson_p": 0.9478118334851793,
      "spearman_r": 0.001924017681980564,
      "spearman_p": 0.9357125081899623
    },
    {
      "trait": [
        "extraversion",
        "non-strategic"
      ],
      "trait_name": "extraversion",
      "strategy": "non-strategic",
      "n": 1760,
      "pearson_r": 0.0067720818712766,
      "pearson_p": 0.7764822758739909,
      "spearman_r": 0.009563968007242315,
      "spearman_p": 0.688453194935269
    },
    {
      "trait": [
        "agreeableness",
        "small-talk"
      ],
      "trait_name": "agreeableness",
      "strategy": "small-talk",
      "n": 1760,
      "pearson_r": 0.026449784952753942,
      "pearson_p": 0.26741447574375665,
      "spearman_r": 0.01343297447153207,
      "spearman_p": 0.5733191758258197
    },
    {
      "trait": [
        "agreeableness",
        "self-need"
      ],
      "trait_name": "agreeableness",
      "strategy": "self-need",
      "n": 1760,
      "pearson_r": 0.013251338652418456,
      "pearson_p": 0.5785155950477715,
      "spearman_r": 0.011726730039171424,
      "spearman_p": 0.6229800039369646
    },
    {
      "trait": [
        "agreeableness",
        "other-need"
      ],
      "trait_name": "agreeableness",
      "strategy": "other-need",
      "n": 1760,
      "pearson_r": 0.03104975518597845,
      "pearson_p": 0.19291680252323493,
      "spearman_r": 0.030963152660123616,
      "spearman_p": 0.19416174730176247
    },
    {
      "trait": [
        "agreeableness",
        "no-need"
      ],
      "trait_name": "agreeableness",
      "strategy": "no-need",
      "n": 1760,
      "pearson_r": 0.003357339002066315,
      "pearson_p": 0.888068547030938,
      "spearman_r": -0.007261472131544515,
      "spearman_p": 0.7608053192265998
    },
    {
      "trait": [
        "agreeableness",
        "elicit-pref"
      ],
      "trait_name": "agreeableness",
      "strategy": "elicit-pref",
      "n": 1760,
      "pearson_r": -0.03922892183668729,
      "pearson_p": 0.09992658445709728,
      "spearman_r": -0.047415064894742474,
      "spearman_p": 0.046714561610750785
    },
    {
      "trait": [
        "agreeableness",
        "promote-coordination"
      ],
      "trait_name": "agreeableness",
      "strategy": "promote-coordination",
      "n": 1760,
      "pearson_r": 0.024771481552413894,
      "pearson_p": 0.29897079633270013,
      "spearman_r": 0.04009097702882748,
      "spearman_p": 0.0926868184472954
    },
    {
      "trait": [
        "agreeableness",
        "vouch-fair"
      ],
      "trait_name": "agreeableness",
      "strategy": "vouch-fair",
      "n": 1760,