{
  "config": {
    "data": "sft_8b/results/cv/fold_0/dialogues_heldout.json",
    "output_dir": "sft_8b/results/cv/fold_0/sft_eval",
    "base_model": "/sc/arion/scratch/cuiz02/hf_cache/transformers/Meta-Llama-3.1-8B-Instruct",
    "adapter": "sft_8b/results/cv/fold_0/lora_run/lora_best",
    "no_adapter": false,
    "max_dialogues": null,
    "max_k": 5,
    "checkpoint_every": 5,
    "summary_every": 10,
    "resume": true,
    "max_new_tokens": 96,
    "temperature": 0.0
  },
  "n_dialogues": 206,
  "n_predictions": 2052,
  "elapsed_seconds": 1282.054382801056,
  "per_k_means": {
    "ema": {
      "1": 0.42475728155339804,
      "2": 0.5631067961165048,
      "3": 0.6796116504854369,
      "4": 0.6829268292682927,
      "5": 0.687192118226601
    },
    "top1": {
      "1": 0.6650485436893204,
      "2": 0.7742718446601942,
      "3": 0.8398058252427184,
      "4": 0.8609756097560975,
      "5": 0.854679802955665
    },
    "ndcg": {
      "1": 0.716341821489245,
      "2": 0.820623244556167,
      "3": 0.8732406420856406,
      "4": 0.8888531544076614,
      "5": 0.8874940457336344
    }
  },
  "per_k_counts": {
    "1": 412,
    "2": 412,
    "3": 412,
    "4": 410,
    "5": 406
  },
  "kpenalty": {
    "ema": 0.5645396213635004,
    "top1": 0.7678919063522263,
    "ndcg": 0.8099416244317847
  },
  "summary": {
    "ema_k1": 0.42475728155339804,
    "top1_k1": 0.6650485436893204,
    "ndcg_k1": 0.716341821489245,
    "ema_k2": 0.5631067961165048,
    "top1_k2": 0.7742718446601942,
    "ndcg_k2": 0.820623244556167,
    "ema_k3": 0.6796116504854369,
    "top1_k3": 0.8398058252427184,
    "ndcg_k3": 0.8732406420856406,
    "ema_k4": 0.6829268292682927,
    "top1_k4": 0.8609756097560975,
    "ndcg_k4": 0.8888531544076614,
    "ema_k5": 0.687192118226601,
    "top1_k5": 0.854679802955665,
    "ndcg_k5": 0.8874940457336344,
    "ema_kpenalty": 0.5645396213635004,
    "top1_kpenalty": 0.7678919063522263,
    "ndcg_kpenalty": 0.8099416244317847
  },
  "satisfaction": {
    "per_k_means": {
      "sat_acc": {
        "1": 0.42718446601941745,
        "2": 0.4053398058252427,
        "3": 0.441747572815534,
        "4": 0.4658536585365854,
        "5": 0.5172413793103449
      },
      "sat_mae": {
        "1": 0.7888349514563107,
        "2": 0.7961165048543689,
        "3": 0.7475728155339806,
        "4": 0.7414634146341463,
        "5": 0.6773399014778325
      }
    },
    "per_k_counts": {
      "1": 412,
      "2": 412,
      "3": 412,
      "4": 410,
      "5": 406
    },
    "kpenalty": {
      "sat_acc": 0.4354315312152117,
      "sat_mae": 0.7687750636031396
    },
    "summary": {
      "sat_acc_k1": 0.42718446601941745,
      "sat_mae_k1": 0.7888349514563107,
      "sat_acc_k2": 0.4053398058252427,
      "sat_mae_k2": 0.7961165048543689,
      "sat_acc_k3": 0.441747572815534,
      "sat_mae_k3": 0.7475728155339806,
      "sat_acc_k4": 0.4658536585365854,
      "sat_mae_k4": 0.7414634146341463,
      "sat_acc_k5": 0.5172413793103449,
      "sat_mae_k5": 0.6773399014778325,
      "sat_acc_kpenalty": 0.4354315312152117,
      "sat_mae_kpenalty": 0.7687750636031396
    }
  }
}