{
  "num_dialogues": 396,
  "num_utterances": 4615,
  "per_label": {
    "non-strategic": {
      "precision": 0.5982142857142857,
      "recall": 0.4144329896907217,
      "f1": 0.48964677222898906,
      "support": 1455
    },
    "uv-part": {
      "precision": 0.33714285714285713,
      "recall": 0.45038167938931295,
      "f1": 0.3856209150326797,
      "support": 131
    },
    "showing-empathy": {
      "precision": 0.3147751605995717,
      "recall": 0.5787401574803149,
      "f1": 0.4077669902912621,
      "support": 254
    },
    "vouch-fair": {
      "precision": 0.4673076923076923,
      "recall": 0.5535307517084282,
      "f1": 0.5067778936392074,
      "support": 439
    },
    "other-need": {
      "precision": 0.7195945945945946,
      "recall": 0.5207823960880196,
      "f1": 0.6042553191489363,
      "support": 409
    },
    "self-need": {
      "precision": 0.471169686985173,
      "recall": 0.8900414937759336,
      "f1": 0.6161579892280072,
      "support": 964
    },
    "no-need": {
      "precision": 0.35501355013550134,
      "recall": 0.6683673469387755,
      "f1": 0.46371681415929206,
      "support": 196
    },
    "small-talk": {
      "precision": 0.7880041365046536,
      "recall": 0.7229601518026565,
      "f1": 0.7540821375556657,
      "support": 1054
    },
    "promote-coordination": {
      "precision": 0.27671865973425763,
      "recall": 0.8272884283246977,
      "f1": 0.4147186147186147,
      "support": 579
    },
    "elicit-pref": {
      "precision": 0.47493403693931396,
      "recall": 0.9549071618037135,
      "f1": 0.6343612334801761,
      "support": 377
    }
  },
  "macro": {
    "precision": 0.48028746606579,
    "recall": 0.6581432557002576,
    "f1": 0.527710467948283
  },
  "micro": {
    "precision": 0.47522189349112426,
    "recall": 0.6580744281324684,
    "f1": 0.5518969219756621
  },
  "preference": {
    "item_accuracy": 0.4048821548821549,
    "exact_match_rate": 0.23484848484848486,
    "dialogues_evaluated": 396
  }
}