{
  "num_dialogues": 396,
  "num_utterances": 4615,
  "per_label": {
    "promote-coordination": {
      "precision": 0.26788685524126454,
      "recall": 0.8341968911917098,
      "f1": 0.4055415617128463,
      "support": 579
    },
    "non-strategic": {
      "precision": 0.5975197294250282,
      "recall": 0.3642611683848797,
      "f1": 0.4526046114432109,
      "support": 1455
    },
    "no-need": {
      "precision": 0.46846846846846846,
      "recall": 0.5306122448979592,
      "f1": 0.4976076555023924,
      "support": 196
    },
    "vouch-fair": {
      "precision": 0.4979508196721312,
      "recall": 0.5535307517084282,
      "f1": 0.5242718446601942,
      "support": 439
    },
    "self-need": {
      "precision": 0.45784477945281965,
      "recall": 0.8506224066390041,
      "f1": 0.5952813067150635,
      "support": 964
    },
    "small-talk": {
      "precision": 0.7705627705627706,
      "recall": 0.6755218216318786,
      "f1": 0.7199191102123357,
      "support": 1054
    },
    "elicit-pref": {
      "precision": 0.3217088055797733,
      "recall": 0.9787798408488063,
      "f1": 0.484251968503937,
      "support": 377
    },
    "showing-empathy": {
      "precision": 0.24338624338624337,
      "recall": 0.5433070866141733,
      "f1": 0.33617539585870887,
      "support": 254
    },
    "uv-part": {
      "precision": 0.35772357723577236,
      "recall": 0.33587786259541985,
      "f1": 0.3464566929133858,
      "support": 131
    },
    "other-need": {
      "precision": 0.6643598615916955,
      "recall": 0.46943765281173594,
      "f1": 0.5501432664756447,
      "support": 409
    }
  },
  "macro": {
    "precision": 0.46474119106159667,
    "recall": 0.6136147727323995,
    "f1": 0.4912253413997719
  },
  "micro": {
    "precision": 0.44108724669336247,
    "recall": 0.6205189484465687,
    "f1": 0.5156394070501454
  },
  "preference": {
    "item_accuracy": 0.398989898989899,
    "exact_match_rate": 0.2222222222222222,
    "dialogues_evaluated": 396
  }
}