{
  "main_plot": {
    "min_support": 10,
    "reference_brier": 0.16666666666666666,
    "turn_indices": [
      0,
      1,
      2,
      3,
      4,
      5,
      6,
      7,
      8,
      9,
      10,
      11,
      12,
      13,
      14,
      15,
      16
    ],
    "student_support_by_turn": {
      "0": 75,
      "1": 75,
      "2": 75,
      "3": 75,
      "4": 75,
      "5": 75,
      "6": 75,
      "7": 75,
      "8": 75,
      "9": 74,
      "10": 75,
      "11": 71,
      "12": 46,
      "13": 25,
      "14": 22,
      "15": 13,
      "16": 13
    },
    "teacher_support_by_turn": {
      "0": 75,
      "1": 75,
      "2": 75,
      "3": 75,
      "4": 75,
      "5": 75,
      "6": 75,
      "7": 75,
      "8": 75,
      "9": 74,
      "10": 75,
      "11": 71,
      "12": 46,
      "13": 25,
      "14": 22,
      "15": 13,
      "16": 13
    },
    "student_max_brier": 0.14579861111111111,
    "student_never_worse_than_reference": true,
    "student_between_teacher_and_reference_all_turns": true,
    "student_worse_than_reference_turns": [],
    "student_not_between_teacher_and_reference_turns": []
  },
  "diagnostic_all_turns": {
    "min_support": 1,
    "reference_brier": 0.16666666666666666,
    "turn_indices": [
      0,
      1,
      2,
      3,
      4,
      5,
      6,
      7,
      8,
      9,
      10,
      11,
      12,
      13,
      14,
      15,
      16,
      17,
      18,
      19,
      20,
      21,
      22,
      23,
      24,
      25,
      27,
      28,
      31,
      32,
      35
    ],
    "student_support_by_turn": {
      "0": 75,
      "1": 75,
      "2": 75,
      "3": 75,
      "4": 75,
      "5": 75,
      "6": 75,
      "7": 75,
      "8": 75,
      "9": 74,
      "10": 75,
      "11": 71,
      "12": 46,
      "13": 25,
      "14": 22,
      "15": 13,
      "16": 13,
      "17": 7,
      "18": 8,
      "19": 2,
      "20": 7,
      "21": 2,
      "22": 4,
      "23": 3,
      "24": 1,
      "25": 1,
      "27": 1,
      "28": 1,
      "31": 1,
      "32": 1,
      "35": 1
    },
    "teacher_support_by_turn": {
      "0": 75,
      "1": 75,
      "2": 75,
      "3": 75,
      "4": 75,
      "5": 75,
      "6": 75,
      "7": 75,
      "8": 75,
      "9": 74,
      "10": 75,
      "11": 71,
      "12": 46,
      "13": 25,
      "14": 22,
      "15": 13,
      "16": 13,
      "17": 7,
      "18": 8,
      "19": 2,
      "20": 7,
      "21": 2,
      "22": 4,
      "23": 3,
      "24": 1,
      "25": 1,
      "27": 1,
      "28": 1,
      "31": 1,
      "32": 1,
      "35": 1
    },
    "student_max_brier": 0.14579861111111111,
    "student_never_worse_than_reference": true,
    "student_between_teacher_and_reference_all_turns": false,
    "student_worse_than_reference_turns": [],
    "student_not_between_teacher_and_reference_turns": [
      {
        "turn_index": 19,
        "teacher": 0.031901041666666664,
        "student": 0.0,
        "reference": 0.16666666666666666
      },
      {
        "turn_index": 20,
        "teacher": 0.0944940476190476,
        "student": 0.08482142857142858,
        "reference": 0.16666666666666666
      },
      {
        "turn_index": 21,
        "teacher": 0.14127604166666666,
        "student": 0.041666666666666664,
        "reference": 0.16666666666666666
      },
      {
        "turn_index": 23,
        "teacher": 0.05164930555555555,
        "student": 0.0,
        "reference": 0.16666666666666666
      }
    ]
  },
  "caption_note": "Main plot keeps turn indices with support n >= 10 for both teacher and student; all-turn plot is diagnostic."
}