{
  "config": {
    "data": "sft_8b/results/cv/fold_2/dialogues_heldout.json",
    "output_dir": "sft_8b/results/cv/fold_2/sft_eval",
    "base_model": "/sc/arion/scratch/cuiz02/hf_cache/transformers/Meta-Llama-3.1-8B-Instruct",
    "adapter": "sft_8b/results/cv/fold_2/lora_run/lora_best",
    "no_adapter": false,
    "max_dialogues": null,
    "max_k": 5,
    "checkpoint_every": 5,
    "summary_every": 10,
    "resume": true,
    "max_new_tokens": 96,
    "temperature": 0.0
  },
  "n_dialogues": 206,
  "n_predictions": 2060,
  "elapsed_seconds": 1216.1656603813171,
  "per_k_means": {
    "ema": {
      "1": 0.3786407766990291,
      "2": 0.5412621359223301,
      "3": 0.6189320388349514,
      "4": 0.6796116504854369,
      "5": 0.7063106796116505
    },
    "top1": {
      "1": 0.6043689320388349,
      "2": 0.7718446601941747,
      "3": 0.8422330097087378,
      "4": 0.8713592233009708,
      "5": 0.866504854368932
    },
    "ndcg": {
      "1": 0.6882841207350848,
      "2": 0.8219243457610896,
      "3": 0.873645941721562,
      "4": 0.9012108338678877,
      "5": 0.9036656502080418
    }
  },
  "per_k_counts": {
    "1": 412,
    "2": 412,
    "3": 412,
    "4": 412,
    "5": 412
  },
  "kpenalty": {
    "ema": 0.5320388349514563,
    "top1": 0.7496763754045307,
    "ndcg": 0.8037428753218857
  },
  "summary": {
    "ema_k1": 0.3786407766990291,
    "top1_k1": 0.6043689320388349,
    "ndcg_k1": 0.6882841207350848,
    "ema_k2": 0.5412621359223301,
    "top1_k2": 0.7718446601941747,
    "ndcg_k2": 0.8219243457610896,
    "ema_k3": 0.6189320388349514,
    "top1_k3": 0.8422330097087378,
    "ndcg_k3": 0.873645941721562,
    "ema_k4": 0.6796116504854369,
    "top1_k4": 0.8713592233009708,
    "ndcg_k4": 0.9012108338678877,
    "ema_k5": 0.7063106796116505,
    "top1_k5": 0.866504854368932,
    "ndcg_k5": 0.9036656502080418,
    "ema_kpenalty": 0.5320388349514563,
    "top1_kpenalty": 0.7496763754045307,
    "ndcg_kpenalty": 0.8037428753218857
  },
  "satisfaction": {
    "per_k_means": {
      "sat_acc": {
        "1": 0.4368932038834951,
        "2": 0.49271844660194175,
        "3": 0.5242718446601942,
        "4": 0.5072815533980582,
        "5": 0.5315533980582524
      },
      "sat_mae": {
        "1": 0.7694174757281553,
        "2": 0.6868932038834952,
        "3": 0.6504854368932039,
        "4": 0.6650485436893204,
        "5": 0.6407766990291263
      }
    },
    "per_k_counts": {
      "1": 412,
      "2": 412,
      "3": 412,
      "4": 412,
      "5": 412
    },
    "kpenalty": {
      "sat_acc": 0.4849514563106796,
      "sat_mae": 0.7011326860841424
    },
    "summary": {
      "sat_acc_k1": 0.4368932038834951,
      "sat_mae_k1": 0.7694174757281553,
      "sat_acc_k2": 0.49271844660194175,
      "sat_mae_k2": 0.6868932038834952,
      "sat_acc_k3": 0.5242718446601942,
      "sat_mae_k3": 0.6504854368932039,
      "sat_acc_k4": 0.5072815533980582,
      "sat_mae_k4": 0.6650485436893204,
      "sat_acc_k5": 0.5315533980582524,
      "sat_mae_k5": 0.6407766990291263,
      "sat_acc_kpenalty": 0.4849514563106796,
      "sat_mae_kpenalty": 0.7011326860841424
    }
  }
}