{
  "cv_root": "sft_8b/results/cv",
  "n_splits": 5,
  "n_folds_done": 5,
  "missing_folds": [],
  "per_fold": [
    {
      "fold": 0,
      "n_dialogues": 206,
      "n_predictions": 2052,
      "elapsed_s": 1282.054382801056,
      "ema_k1": 0.42475728155339804,
      "top1_k1": 0.6650485436893204,
      "ndcg_k1": 0.716341821489245,
      "ema_k2": 0.5631067961165048,
      "top1_k2": 0.7742718446601942,
      "ndcg_k2": 0.820623244556167,
      "ema_k3": 0.6796116504854369,
      "top1_k3": 0.8398058252427184,
      "ndcg_k3": 0.8732406420856406,
      "ema_k4": 0.6829268292682927,
      "top1_k4": 0.8609756097560975,
      "ndcg_k4": 0.8888531544076614,
      "ema_k5": 0.687192118226601,
      "top1_k5": 0.854679802955665,
      "ndcg_k5": 0.8874940457336344,
      "ema_kpenalty": 0.5645396213635004,
      "top1_kpenalty": 0.7678919063522263,
      "ndcg_kpenalty": 0.8099416244317847,
      "sat_sat_acc_k1": 0.42718446601941745,
      "sat_sat_mae_k1": 0.7888349514563107,
      "sat_sat_acc_k2": 0.4053398058252427,
      "sat_sat_mae_k2": 0.7961165048543689,
      "sat_sat_acc_k3": 0.441747572815534,
      "sat_sat_mae_k3": 0.7475728155339806,
      "sat_sat_acc_k4": 0.4658536585365854,
      "sat_sat_mae_k4": 0.7414634146341463,
      "sat_sat_acc_k5": 0.5172413793103449,
      "sat_sat_mae_k5": 0.6773399014778325,
      "sat_sat_acc_kpenalty": 0.4354315312152117,
      "sat_sat_mae_kpenalty": 0.7687750636031396
    },
    {
      "fold": 1,
      "n_dialogues": 206,
      "n_predictions": 2060,
      "elapsed_s": 1235.630322933197,
      "ema_k1": 0.4223300970873786,
      "top1_k1": 0.6723300970873787,
      "ndcg_k1": 0.7307022784674007,
      "ema_k2": 0.5145631067961165,
      "top1_k2": 0.7718446601941747,
      "ndcg_k2": 0.821143685038136,
      "ema_k3": 0.6359223300970874,
      "top1_k3": 0.8422330097087378,
      "ndcg_k3": 0.8811577768117155,
      "ema_k4": 0.6747572815533981,
      "top1_k4": 0.8689320388349514,
      "ndcg_k4": 0.9052269716539492,
      "ema_k5": 0.6868932038834952,
      "top1_k5": 0.8762135922330098,
      "ndcg_k5": 0.9088101779299546,
      "ema_kpenalty": 0.5409385113268609,
      "top1_kpenalty": 0.772653721682848,
      "ndcg_kpenalty": 0.8200549056108364,
      "sat_sat_acc_k1": 0.4199029126213592,
      "sat_sat_mae_k1": 0.8543689320388349,
      "sat_sat_acc_k2": 0.4223300970873786,
      "sat_sat_mae_k2": 0.8203883495145631,
      "sat_sat_acc_k3": 0.470873786407767,
      "sat_sat_mae_k3": 0.7354368932038835,
      "sat_sat_acc_k4": 0.4587378640776699,
      "sat_sat_mae_k4": 0.7621359223300971,
      "sat_sat_acc_k5": 0.4563106796116505,
      "sat_sat_mae_k5": 0.7718446601941747,
      "sat_sat_acc_kpenalty": 0.4383495145631068,
      "sat_sat_mae_kpenalty": 0.8037216828478964
    },
    {
      "fold": 2,
      "n_dialogues": 206,
      "n_predictions": 2060,
      "elapsed_s": 1216.1656603813171,
      "ema_k1": 0.3786407766990291,
      "top1_k1": 0.6043689320388349,
      "ndcg_k1": 0.6882841207350848,
      "ema_k2": 0.5412621359223301,
      "top1_k2": 0.7718446601941747,
      "ndcg_k2": 0.8219243457610896,
      "ema_k3": 0.6189320388349514,
      "top1_k3": 0.8422330097087378,
      "ndcg_k3": 0.873645941721562,
      "ema_k4": 0.6796116504854369,
      "top1_k4": 0.8713592233009708,
      "ndcg_k4": 0.9012108338678877,
      "ema_k5": 0.7063106796116505,
      "top1_k5": 0.866504854368932,
      "ndcg_k5": 0.9036656502080418,
      "ema_kpenalty": 0.5320388349514563,
      "top1_kpenalty": 0.7496763754045307,
      "ndcg_kpenalty": 0.8037428753218857,
      "sat_sat_acc_k1": 0.4368932038834951,
      "sat_sat_mae_k1": 0.7694174757281553,
      "sat_sat_acc_k2": 0.49271844660194175,
      "sat_sat_mae_k2": 0.6868932038834952,
      "sat_sat_acc_k3": 0.5242718446601942,
      "sat_sat_mae_k3": 0.6504854368932039,
      "sat_sat_acc_k4": 0.5072815533980582,
      "sat_sat_mae_k4": 0.6650485436893204,
      "sat_sat_acc_k5": 0.5315533980582524,
      "sat_sat_mae_k5": 0.6407766990291263,
      "sat_sat_acc_kpenalty": 0.4849514563106796,
      "sat_sat_mae_kpenalty": 0.7011326860841424
    },
    {
      "fold": 3,
      "n_dialogues": 206,
      "n_predictions": 2060,
      "elapsed_s": 1228.8173480033875,
      "ema_k1": 0.36650485436893204,
      "top1_k1": 0.6116504854368932,
      "ndcg_k1": 0.682851740898053,
      "ema_k2": 0.5364077669902912,
      "top1_k2": 0.7669902912621359,
      "ndcg_k2": 0.8092380444001344,
      "ema_k3": 0.6262135922330098,
      "top1_k3": 0.8422330097087378,
      "ndcg_k3": 0.8728652809986083,
      "ema_k4": 0.6941747572815534,
      "top1_k4": 0.8737864077669902,
      "ndcg_k4": 0.8956633131848083,
      "ema_k5": 0.6941747572815534,
      "top1_k5": 0.8859223300970874,
      "ndcg_k5": 0.9074238744278732,
      "ema_kpenalty": 0.5292880258899676,
      "top1_kpenalty": 0.7524271844660193,
      "ndcg_kpenalty": 0.797903815058941,
      "sat_sat_acc_k1": 0.49514563106796117,
      "sat_sat_mae_k1": 0.7766990291262136,
      "sat_sat_acc_k2": 0.5145631067961165,
      "sat_sat_mae_k2": 0.7354368932038835,
      "sat_sat_acc_k3": 0.5388349514563107,
      "sat_sat_mae_k3": 0.6868932038834952,
      "sat_sat_acc_k4": 0.5242718446601942,
      "sat_sat_mae_k4": 0.6990291262135923,
      "sat_sat_acc_k5": 0.5145631067961165,
      "sat_sat_mae_k5": 0.7184466019417476,
      "sat_sat_acc_kpenalty": 0.5142394822006472,
      "sat_sat_mae_kpenalty": 0.7334951456310679
    },
    {
      "fold": 4,
      "n_dialogues": 206,
      "n_predictions": 2058,
      "elapsed_s": 1219.2268371582031,
      "ema_k1": 0.3786407766990291,
      "top1_k1": 0.633495145631068,
      "ndcg_k1": 0.7067182859223257,
      "ema_k2": 0.5121359223300971,
      "top1_k2": 0.7912621359223301,
      "ndcg_k2": 0.8265760648751679,
      "ema_k3": 0.6237864077669902,
      "top1_k3": 0.8470873786407767,
      "ndcg_k3": 0.8759856172156684,
      "ema_k4": 0.6820388349514563,
      "top1_k4": 0.8762135922330098,
      "ndcg_k4": 0.9030024370058903,
      "ema_k5": 0.697560975609756,
      "top1_k5": 0.8926829268292683,
      "ndcg_k5": 0.913185547055745,
      "ema_kpenalty": 0.5249830294419449,
      "top1_kpenalty": 0.7679264346041519,
      "ndcg_kpenalty": 0.8124695307884553,
      "sat_sat_acc_k1": 0.3762135922330097,
      "sat_sat_mae_k1": 0.7718446601941747,
      "sat_sat_acc_k2": 0.3907766990291262,
      "sat_sat_mae_k2": 0.7621359223300971,
      "sat_sat_acc_k3": 0.41262135922330095,
      "sat_sat_mae_k3": 0.7427184466019418,
      "sat_sat_acc_k4": 0.4587378640776699,
      "sat_sat_mae_k4": 0.7014563106796117,
      "sat_sat_acc_k5": 0.4926829268292683,
      "sat_sat_mae_k5": 0.6658536585365854,
      "sat_sat_acc_kpenalty": 0.406146499329071,
      "sat_sat_mae_kpenalty": 0.746979240666193
    }
  ],
  "agg": {
    "ema_kpenalty": {
      "mean": 0.538357604594746,
      "std": 0.01575771596587105,
      "n": 5
    },
    "top1_kpenalty": {
      "mean": 0.7621151245019552,
      "std": 0.01032936621288068,
      "n": 5
    },
    "ndcg_kpenalty": {
      "mean": 0.8088225502423806,
      "std": 0.008451929906419318,
      "n": 5
    },
    "sat_sat_acc_kpenalty": {
      "mean": 0.45582369672374323,
      "std": 0.043156232947100776,
      "n": 5
    },
    "sat_sat_mae_kpenalty": {
      "mean": 0.7508207637664879,
      "std": 0.03842103437426372,
      "n": 5
    }
  },
  "pooled_oof_predictions": "sft_8b/results/cv/cv_oof_predictions.jsonl",
  "pooled_oof_n": 10290
}