{
  "config": {
    "model_id": "/sc/arion/scratch/cuiz02/hf_cache/transformers/models--meta-llama--Llama-3.3-70B-Instruct/snapshots/6f6073b423013f6a7d4d9f39144961bfbfbc386b",
    "data": "CaSiNo/data/casino.json",
    "n_dialogues": 1030,
    "likelihood_temperature": 25.0,
    "likelihood_clip": [
      -3.0,
      3.0
    ]
  },
  "n_dialogues": 1030,
  "n_predictions": 10290,
  "elapsed_seconds": 49259.66463804245,
  "per_k_means": {
    "ema": {
      "1": 0.2621359223300971,
      "2": 0.35,
      "3": 0.4121359223300971,
      "4": 0.423712342079689,
      "5": 0.4249512670565302
    },
    "top1": {
      "1": 0.5199029126213592,
      "2": 0.6694174757281554,
      "3": 0.75,
      "4": 0.7691933916423712,
      "5": 0.7582846003898636
    },
    "ndcg": {
      "1": 0.6338157043047811,
      "2": 0.734892972862337,
      "3": 0.7900255251646939,
      "4": 0.8040405207465555,
      "5": 0.7977120583872797
    }
  },
  "per_k_counts": {
    "1": 2060,
    "2": 2060,
    "3": 2060,
    "4": 2058,
    "5": 2052
  },
  "kpenalty": {
    "ema": 0.34796422199044563,
    "top1": 0.6549237233129349,
    "ndcg": 0.725634672556515
  },
  "summary": {
    "ema_k1": 0.2621359223300971,
    "top1_k1": 0.5199029126213592,
    "ndcg_k1": 0.6338157043047811,
    "ema_k2": 0.35,
    "top1_k2": 0.6694174757281554,
    "ndcg_k2": 0.734892972862337,
    "ema_k3": 0.4121359223300971,
    "top1_k3": 0.75,
    "ndcg_k3": 0.7900255251646939,
    "ema_k4": 0.423712342079689,
    "top1_k4": 0.7691933916423712,
    "ndcg_k4": 0.8040405207465555,
    "ema_k5": 0.4249512670565302,
    "top1_k5": 0.7582846003898636,
    "ndcg_k5": 0.7977120583872797,
    "ema_kpenalty": 0.34796422199044563,
    "top1_kpenalty": 0.6549237233129349,
    "ndcg_kpenalty": 0.725634672556515
  }
}