{
  "config": {
    "data": "CaSiNo/data/split/casino_valid.json",
    "output_dir": "sft_8b/results/sft_eval_valid",
    "base_model": "/sc/arion/scratch/cuiz02/hf_cache/transformers/Meta-Llama-3.1-8B-Instruct",
    "adapter": "sft_8b/results/lora_run/lora_best",
    "no_adapter": false,
    "max_dialogues": null,
    "max_k": 5,
    "checkpoint_every": 5,
    "summary_every": 10,
    "resume": true,
    "max_new_tokens": 96,
    "temperature": 0.0
  },
  "n_dialogues": 30,
  "n_predictions": 300,
  "elapsed_seconds": 189.36773324012756,
  "per_k_means": {
    "ema": {
      "1": 0.25,
      "2": 0.38333333333333336,
      "3": 0.48333333333333334,
      "4": 0.6,
      "5": 0.6166666666666667
    },
    "top1": {
      "1": 0.5666666666666667,
      "2": 0.7333333333333333,
      "3": 0.7333333333333333,
      "4": 0.7666666666666667,
      "5": 0.7666666666666667
    },
    "ndcg": {
      "1": 0.6404807159523748,
      "2": 0.8063567488095138,
      "3": 0.8220272036309477,
      "4": 0.8605154958928574,
      "5": 0.858333333333333
    }
  },
  "per_k_counts": {
    "1": 60,
    "2": 60,
    "3": 60,
    "4": 60,
    "5": 60
  },
  "kpenalty": {
    "ema": 0.4033333333333333,
    "top1": 0.6844444444444444,
    "ndcg": 0.7648851007341213
  },
  "summary": {
    "ema_k1": 0.25,
    "top1_k1": 0.5666666666666667,
    "ndcg_k1": 0.6404807159523748,
    "ema_k2": 0.38333333333333336,
    "top1_k2": 0.7333333333333333,
    "ndcg_k2": 0.8063567488095138,
    "ema_k3": 0.48333333333333334,
    "top1_k3": 0.7333333333333333,
    "ndcg_k3": 0.8220272036309477,
    "ema_k4": 0.6,
    "top1_k4": 0.7666666666666667,
    "ndcg_k4": 0.8605154958928574,
    "ema_k5": 0.6166666666666667,
    "top1_k5": 0.7666666666666667,
    "ndcg_k5": 0.858333333333333,
    "ema_kpenalty": 0.4033333333333333,
    "top1_kpenalty": 0.6844444444444444,
    "ndcg_kpenalty": 0.7648851007341213
  },
  "satisfaction": {
    "per_k_means": {
      "sat_acc": {
        "1": 0.6166666666666667,
        "2": 0.6333333333333333,
        "3": 0.6,
        "4": 0.6333333333333333,
        "5": 0.6333333333333333
      },
      "sat_mae": {
        "1": 0.5,
        "2": 0.43333333333333335,
        "3": 0.4666666666666667,
        "4": 0.45,
        "5": 0.45
      }
    },
    "per_k_counts": {
      "1": 60,
      "2": 60,
      "3": 60,
      "4": 60,
      "5": 60
    },
    "kpenalty": {
      "sat_acc": 0.6211111111111111,
      "sat_mae": 0.46555555555555556
    },
    "summary": {
      "sat_acc_k1": 0.6166666666666667,
      "sat_mae_k1": 0.5,
      "sat_acc_k2": 0.6333333333333333,
      "sat_mae_k2": 0.43333333333333335,
      "sat_acc_k3": 0.6,
      "sat_mae_k3": 0.4666666666666667,
      "sat_acc_k4": 0.6333333333333333,
      "sat_mae_k4": 0.45,
      "sat_acc_k5": 0.6333333333333333,
      "sat_mae_k5": 0.45,
      "sat_acc_kpenalty": 0.6211111111111111,
      "sat_mae_kpenalty": 0.46555555555555556
    }
  }
}