{
  "config": {
    "data": "sft_8b/results/cv/fold_3/dialogues_heldout.json",
    "output_dir": "sft_8b/results/cv/fold_3/sft_eval",
    "base_model": "/sc/arion/scratch/cuiz02/hf_cache/transformers/Meta-Llama-3.1-8B-Instruct",
    "adapter": "sft_8b/results/cv/fold_3/lora_run/lora_best",
    "no_adapter": false,
    "max_dialogues": null,
    "max_k": 5,
    "checkpoint_every": 5,
    "summary_every": 10,
    "resume": true,
    "max_new_tokens": 96,
    "temperature": 0.0
  },
  "n_dialogues": 206,
  "n_predictions": 2060,
  "elapsed_seconds": 1228.8173480033875,
  "per_k_means": {
    "ema": {
      "1": 0.36650485436893204,
      "2": 0.5364077669902912,
      "3": 0.6262135922330098,
      "4": 0.6941747572815534,
      "5": 0.6941747572815534
    },
    "top1": {
      "1": 0.6116504854368932,
      "2": 0.7669902912621359,
      "3": 0.8422330097087378,
      "4": 0.8737864077669902,
      "5": 0.8859223300970874
    },
    "ndcg": {
      "1": 0.682851740898053,
      "2": 0.8092380444001344,
      "3": 0.8728652809986083,
      "4": 0.8956633131848083,
      "5": 0.9074238744278732
    }
  },
  "per_k_counts": {
    "1": 412,
    "2": 412,
    "3": 412,
    "4": 412,
    "5": 412
  },
  "kpenalty": {
    "ema": 0.5292880258899676,
    "top1": 0.7524271844660193,
    "ndcg": 0.797903815058941
  },
  "summary": {
    "ema_k1": 0.36650485436893204,
    "top1_k1": 0.6116504854368932,
    "ndcg_k1": 0.682851740898053,
    "ema_k2": 0.5364077669902912,
    "top1_k2": 0.7669902912621359,
    "ndcg_k2": 0.8092380444001344,
    "ema_k3": 0.6262135922330098,
    "top1_k3": 0.8422330097087378,
    "ndcg_k3": 0.8728652809986083,
    "ema_k4": 0.6941747572815534,
    "top1_k4": 0.8737864077669902,
    "ndcg_k4": 0.8956633131848083,
    "ema_k5": 0.6941747572815534,
    "top1_k5": 0.8859223300970874,
    "ndcg_k5": 0.9074238744278732,
    "ema_kpenalty": 0.5292880258899676,
    "top1_kpenalty": 0.7524271844660193,
    "ndcg_kpenalty": 0.797903815058941
  },
  "satisfaction": {
    "per_k_means": {
      "sat_acc": {
        "1": 0.49514563106796117,
        "2": 0.5145631067961165,
        "3": 0.5388349514563107,
        "4": 0.5242718446601942,
        "5": 0.5145631067961165
      },
      "sat_mae": {
        "1": 0.7766990291262136,
        "2": 0.7354368932038835,
        "3": 0.6868932038834952,
        "4": 0.6990291262135923,
        "5": 0.7184466019417476
      }
    },
    "per_k_counts": {
      "1": 412,
      "2": 412,
      "3": 412,
      "4": 412,
      "5": 412
    },
    "kpenalty": {
      "sat_acc": 0.5142394822006472,
      "sat_mae": 0.7334951456310679
    },
    "summary": {
      "sat_acc_k1": 0.49514563106796117,
      "sat_mae_k1": 0.7766990291262136,
      "sat_acc_k2": 0.5145631067961165,
      "sat_mae_k2": 0.7354368932038835,
      "sat_acc_k3": 0.5388349514563107,
      "sat_mae_k3": 0.6868932038834952,
      "sat_acc_k4": 0.5242718446601942,
      "sat_mae_k4": 0.6990291262135923,
      "sat_acc_k5": 0.5145631067961165,
      "sat_mae_k5": 0.7184466019417476,
      "sat_acc_kpenalty": 0.5142394822006472,
      "sat_mae_kpenalty": 0.7334951456310679
    }
  }
}